"Abacavir","Abacavir","abacavir","190521","DB01048","J05AF06"
"Abiraterone","Abiraterone","abiraterone","1100072","DB05812","L02BX03"
"Acarbose","Acarbose","acarbose","16681","DB00284","A10BF01"
"Acenocoumarol","Acenocoumarol","acenocoumarol","154","DB01418","B01AA07"
"Acetazolamide","Acetazolamide","acetazolamide","167","DB00819","S01EC01"
"Acetic acid","Acetic acid","acetic acid","168","DB03166","G01AD02"
"Acetylcysteine","Acetylcysteine","acetylcysteine","197","DB06151","R05CB01"
"Acetylsalicylic acid","Acetylsalicylic acid","aspirin","1191","DB00945","A01AD05"
"Aciclovir","Aciclovir","acyclovir","281","DB00787","D06BB03"
"Aclidinium","Aclidinium","aclidinium","1303098","DB08897","NA"
"Aclidinium/Formoterol","Aclidinium/Formoterol","aclidinium / formoterol","2205093","NA","NA"
"Activated charcoal","Activated charcoal","activated charcoal","272","DB09278","A07BA01"
"Adalimumab","Adalimumab","adalimumab","327361","DB00051","L04AB04"
"Afatinib","Afatinib","afatinib","1430438","DB08916","L01EB03"
"Albendazole","Albendazole","albendazole","430","DB00518","P02CA03"
"Alclometasone","Alclometasone","alclometasone","108088","DB00240","D07AB10"
"Alcuronium","Alcuronium","alcuronium","460","NA","M03AA01"
"Alendronic acid","Alendronic acid","alendronic acid","236083","DB00630","M05BA04"
"Alfacalcidol","Alfacalcidol","alfacalcidol","12062","DB01436","A11CC03"
"Alfuzosin","Alfuzosin","alfuzosin","17300","DB00346","G04CA01"
"Alimemazine","Alimemazine","trimeprazine","10825","DB01246","R06AD01"
"Aliskiren","Aliskiren","aliskiren","325646","DB09026","C09XA02"
"Allopurinol","Allopurinol","allopurinol","519","DB00437","M04AA01"
"Alprazolam","Alprazolam","alprazolam","596","DB00404","N05BA12"
"Alteplase","Alteplase","alteplase","8410","DB00009","B01AD02"
"Aluminium hydroxide/Magnesium hydroxide","Magnesium hydroxide","magnesium hydroxide","6581","DB09104","A02AA04"
"Aluminium hydroxide/Magnesium hydroxide","Aluminium hydroxide","aluminum hydroxide","612","DB06723","A02AB01"
"Alverine citrate","Alverine citrate","alverine citrate","71767","NA","NA"
"Amidotrizoate","Amidotrizoate","diatrizoate","3319","DB00271","NA"
"Amikacin","Amikacin","amikacin","641","DB00479","D06AX12"
"Amiloride","Amiloride","amiloride","644","DB00594","C03DB01"
"Amiloride/Hydrochlorothiazide","Amiloride/Hydrochlorothiazide","amiloride / hydrochlorothiazide","214212","NA","NA"
"Aminophylline","Aminophylline","aminophylline","689","DB01223","R03DA05"
"Amiodarone","Amiodarone","amiodarone","703","DB01118","C01BD01"
"Amitriptyline","Amitriptyline","amitriptyline","704","DB00321","N06AA09"
"Amlodipine","Amlodipine","amlodipine","17767","DB00381","C08CA01"
"Amlodipine/Telmisartan","Amlodipine/Telmisartan","amlodipine / telmisartan","901212","NA","C09DB04"
"Amlodipine/Valsartan","Amlodipine/Valsartan","amlodipine / valsartan","729455","NA","C09DB01"
"Amodiaquine","Amodiaquine","amodiaquine","720","DB00613","P01BA06"
"Amorolfine","Amorolfine","amorolfine","17804","DB09056","D01AE16"
"Amoxicillin","Amoxicillin","amoxicillin","723","DB01060","J01CA04"
"Amoxicillin/Clavulanic acid","Amoxicillin-Clavulanic acid","amoxicillin / clavulanate","19711","NA","NA"
"Amphetamine","Amphetamine","amphetamine","725","DB00182","N06BA01"
"Amphotericin b","Amphotericin b","amphotericin B","732","DB00681","A01AB04"
"Ampicillin","Ampicillin","ampicillin","733","DB00415","J01CA01"
"Anagrelide","Anagrelide","anagrelide","596724","DB00261","L01XX35"
"Anastrozole","Anastrozole","anastrozole","84857","DB01217","L02BG03"
"Anti-d immunoglobulin","Anti-d immunoglobulin","Rho(D) immune globulin","35465","DB11597","J06BB01"
"Apixaban","Apixaban","apixaban","1364430","DB06605","B01AF02"
"Apraclonidine","Apraclonidine","apraclonidine","14845","DB00964","S01EA03"
"Aprepitant","Aprepitant","aprepitant","358255","DB00673","A04AD12"
"Aripiprazole","Aripiprazole","aripiprazole","89013","DB01238","N05AX12"
"Arsenic trioxide","Arsenic trioxide","arsenic trioxide","18330","DB01169","L01XX27"
"Artemether","Artemether","artemether","18343","DB06697","P01BE02"
"Artesunate","Artesunate","artesunate","18346","DB09274","P01BE03"
"Ascorbic acid","Ascorbic acid","ascorbic acid","1151","DB00126","A11GA01"
"Asparaginase","Asparaginase","asparaginase","1156","DB00023","L01XX02"
"Atazanavir","Atazanavir","atazanavir","343047","DB01072","J05AE08"
"Atenolol","Atenolol","atenolol","1202","DB00335","C07AB03"
"Atenolol/Chlorthalidone","Atenolol/Chlorthalidone","atenolol / chlorthalidone","151195","NA","NA"
"Atezolizumab","Atezolizumab","atezolizumab","1792776","DB11595","L01XC32"
"Atomoxetine","Atomoxetine","atomoxetine","38400","DB00289","N06BA09"
"Atorvastatin","Atorvastatin","atorvastatin","83367","DB01076","C10AA05"
"Atovaquone/Proguanil","Atovaquone/Proguanil","atovaquone / proguanil","284623","NA","NA"
"Atracurium","Atracurium","atracurium","1218","DB13295","M03AC04"
"Atropine","Atropine","atropine","1223","DB00572","A03BA01"
"Azathioprine","Azathioprine","azathioprine","1256","DB00993","L04AX01"
"Azelastine/Fluticasone","Azelastine/Fluticasone","azelastine / fluticasone","1291859","NA","NA"
"Azilsartan","Azilsartan","azilsartan","1091643","DB08822","NA"
"Azithromycin","Azithromycin","azithromycin","18631","DB00207","J01FA10"
"Aztreonam","Aztreonam","aztreonam","1272","DB00355","J01DF01"
"Baclofen","Baclofen","baclofen","1292","DB00181","M03BX01"
"Barium sulfate","Barium sulfate","barium sulfate","1331","DB11150","NA"
"Beclometasone","Beclometasone","beclomethasone","1347","NA","A07EA07"
"Bedaquiline","Bedaquiline","bedaquiline","1364504","DB08903","J04AK05"
"Benazepril","Benazepril","benazepril","18867","DB00542","C09AA07"
"Bendamustine","Bendamustine","bendamustine","134547","DB06769","L01AA09"
"Bendroflumethiazide","Bendroflumethiazide","bendroflumethiazide","1369","DB00436","C03AA01"
"Bendroflumethiazide/Potassium chloride","Bendroflumethiazide/Potassium chloride","bendroflumethiazide / potassium chloride","690057","NA","NA"
"Benzathine benzylpenicillin","Benzathine benzylpenicillin","penicillin G benzathine","7982","NA","J01CE08"
"Benznidazole","Benznidazole","benznidazole","18994","DB11989","P01CA02"
"Benzoyl peroxide","Benzoyl peroxide","benzoyl peroxide","1418","DB09096","D10AE01"
"Benzyl benzoate","Benzyl benzoate","benzyl benzoate","19044","DB00676","P03AX01"
"Benzylpenicillin","Benzylpenicillin","penicillin G","7980","DB01053","J01CE01"
"Betamethasone","Betamethasone","betamethasone","1514","DB00443","A07EA04"
"Betamethasone/Salicylic acid","Betamethasone / Salicylic acid","betamethasone / salicylic acid","1000711","NA","NA"
"Betaxolol","Betaxolol","betaxolol","1520","DB00195","C07AB05"
"Bevacizumab","Bevacizumab","bevacizumab","253337","DB00112","L01XC07"
"Bicalutamide","Bicalutamide","bicalutamide","83008","DB01128","L02BB03"
"Biperiden","Biperiden","biperiden","1589","DB00810","N04AA02"
"Bisoprolol","Bisoprolol","bisoprolol","19484","DB00612","C07AB07"
"Bleomycin","Bleomycin","bleomycin","1622","DB00290","L01DC01"
"Bortezomib","Bortezomib","bortezomib","358258","DB00188","L01XG01"
"Bosutinib","Bosutinib","bosutinib","1307619","DB06616","L01EA04"
"Brexpiprazole","Brexpiprazole","brexpiprazole","1658314","DB09128","N05AX16"
"Brinzolamide","Brinzolamide","brinzolamide","194881","DB01194","S01EC04"
"Brivaracetam","Brivaracetam","brivaracetam","1739745","DB05541","N03AX23"
"Bromazepam","Bromazepam","bromazepam","1749","DB01558","N05BA08"
"Bromocriptine","Bromocriptine","bromocriptine","1760","DB01200","G02CB01"
"Budesonide","Budesonide","budesonide","19831","DB01222","A07EA06"
"Budesonide/Formoterol","Budesonide/Formoterol","budesonide / formoterol","389132","NA","R03AK07"
"Bumetanide","Bumetanide","bumetanide","1808","DB00887","C03CA02"
"Bupivacaine","Bupivacaine","bupivacaine","1815","DB00297","N01BB01"
"Buprenorphine","Buprenorphine","buprenorphine","1819","DB00921","N02AE01"
"Bupropion","Bupropion","bupropion","42347","DB01156","N06AX12"
"C1 esterase inhibitor","C1 esterase inhibitor","C1 esterase inhibitor","1599832","DB06404","NA"
"Cabergoline","Cabergoline","cabergoline","47579","DB00248","G02CB03"
"Caffeine citrate","Caffeine citrate","caffeine citrate","20033","NA","NA"
"Calamine","Calamine","calamine","106212","NA","NA"
"Calcipotriol/Betamethasone","Calcipotriol","calcipotriene","29365","DB02300","D05AX02"
"Calcium","Calcium","calcium","1895","DB01373","NA"
"Calcium folinate","Calcium folinate","leucovorin calcium","225852","NA","V03AF03"
"Calcium gluconate","Calcium gluconate","calcium gluconate","1908","DB11126","A12AA03"
"Calcium phosphate/Colecalciferol","Colecalciferol","cholecalciferol","2418","DB00169","A11CC05"
"Calcium phosphate/Colecalciferol","Calcium phosphate","calcium phosphate","1919","DB11348","A12AA01"
"Candesartan","Candesartan","candesartan","214354","NA","C09CA06"
"Candesartan/Hydrochlorothiazide","Candesartan/Hydrochlorothiazide","candesartan / hydrochlorothiazide","284628","NA","NA"
"Capecitabine","Capecitabine","capecitabine","194000","DB01101","L01BC06"
"Capreomycin","Capreomycin","capreomycin","78903","DB00314","J04AB30"
"Capsaicin","Capsaicin","capsaicin","1992","DB06774","M02AB01"
"Captopril","Captopril","captopril","1998","DB01197","C09AA01"
"Captopril/Hydrochlorothiazide","Captopril/Hydrochlorothiazide","captopril / hydrochlorothiazide","214357","NA","NA"
"Carbamazepine","Carbamazepine","carbamazepine","2002","DB00564","N03AF01"
"Carbimazole","Carbimazole","carbimazole","2020","DB00389","H03BB01"
"Carbocisteine","Carbocisteine","carbocysteine","2023","DB04339","R05CB03"
"Carbomer","Carbomer","carbomer","235535","NA","NA"
"Carboplatin","Carboplatin","carboplatin","40048","DB00958","L01XA02"
"Carmellose sodium","Carmellose sodium","carboxymethylcellulose sodium","491498","DB11059","NA"
"Carvedilol","Carvedilol","carvedilol","20352","DB01136","C07AG02"
"Cefaclor","Cefaclor","cefaclor","2176","DB00833","J01DC04"
"Cefalexin","Cefalexin","cephalexin","2231","DB00567","J01DB01"
"Cefazolin","Cefazolin","cefazolin","2180","DB01327","J01DB04"
"Cefepime","Cefepime","cefepime","20481","DB01413","J01DE01"
"Cefixime","Cefixime","cefixime","25033","DB00671","J01DD08"
"Cefotaxime","Cefotaxime","cefotaxime","2186","DB00493","J01DD01"
"Ceftaroline","Ceftaroline","ceftaroline","1040005","DB06590","NA"
"Ceftazidime","Ceftazidime","ceftazidime","2191","DB00438","J01DD02"
"Ceftriaxone","Ceftriaxone","ceftriaxone","2193","DB01212","J01DD04"
"Cefuroxime","Cefuroxime","cefuroxime","2194","DB01112","J01DC02"
"Celecoxib","Celecoxib","celecoxib","140587","DB00482","L01XX33"
"Celiprolol","Celiprolol","celiprolol","20498","DB04846","C07AB08"
"Certolizumab pegol","Certolizumab pegol","certolizumab pegol","709271","DB08904","L04AB05"
"Chlorambucil","Chlorambucil","chlorambucil","2346","DB00291","L01AA02"
"Chloramphenicol","Chloramphenicol","chloramphenicol","2348","DB00446","D06AX02"
"Chlordiazepoxide","Chlordiazepoxide","chlordiazepoxide","2356","DB00475","N05BA02"
"Chlorhexidine","Chlorhexidine","chlorhexidine","2358","DB00878","A01AB03"
"Chlorhexidine/Neomycin","Chlorhexidine / Neomycin","chlorhexidine / neomycin","820887","NA","NA"
"Chlorine","Chlorine","chlorine","1310122","NA","NA"
"Chloroquine","Chloroquine","chloroquine","2393","DB00608","P01BA01"
"Chloroxylenol","Chloroxylenol","chloroxylenol","20877","DB11121","D08AE05"
"Chlorphenamine","Chlorphenamine","chlorpheniramine","2400","DB01114","R06AB04"
"Chlorpromazine","Chlorpromazine","chlorpromazine","2403","DB00477","N05AA01"
"Ciclosporin","Ciclosporin","cyclosporine","3008","DB00091","L04AD01"
"Cilazapril","Cilazapril","cilazapril","21102","DB01340","C09AA08"
"Cilostazol","Cilostazol","cilostazol","21107","DB01166","B01AC23"
"Cimetidine","Cimetidine","cimetidine","2541","DB00501","A02BA01"
"Cinnarizine","Cinnarizine","cinnarizine","2549","DB00568","N07CA02"
"Ciprofloxacin","Ciprofloxacin","ciprofloxacin","2551","DB00537","J01MA02"
"Cisplatin","Cisplatin","cisplatin","2555","DB00515","L01XA01"
"Citalopram","Citalopram","citalopram","2556","DB00215","N06AB04"
"Clarithromycin","Clarithromycin","clarithromycin","21212","DB01211","J01FA09"
"Clindamycin","Clindamycin","clindamycin","2582","DB01190","D10AF01"
"Clobazam","Clobazam","clobazam","21241","DB00349","N05BA09"
"Clobetasone","Clobetasone","clobetasone","108074","DB13158","D07AB01"
"Clofazimine","Clofazimine","clofazimine","2592","DB00845","J04BA01"
"Clomifene","Clomifene","clomiphene","2596","DB00882","G03GB02"
"Clomipramine","Clomipramine","clomipramine","2597","DB01242","N06AA04"
"Clonazepam","Clonazepam","clonazepam","2598","DB01068","N03AE01"
"Clonidine","Clonidine","clonidine","2599","DB00575","C02AC01"
"Clopidogrel","Clopidogrel","clopidogrel","32968","DB00758","B01AC04"
"Clotrimazole","Clotrimazole","clotrimazole","2623","DB00257","A01AB18"
"Cloxacillin","Cloxacillin","cloxacillin","2625","DB01147","J01CF02"
"Clozapine","Clozapine","clozapine","2626","DB00363","N05AH02"
"Coagulation factor ix (recombinant)","Coagulation factor ix (recombinant)","nonacog alfa","1300488","DB00100","NA"
"Coagulation factor viii","Coagulation factor viii","factor VIII","4257","NA","B02BD02"
"Coal tar","Coal tar","coal tar","2635","DB11082","NA"
"Cobalamin","Cobalamin","cobalamins","42604","NA","NA"
"Codeine","Codeine","codeine","2670","DB00318","R05DA04"
"Codeine/Ibuprofen","Codeine / Ibuprofen","codeine / ibuprofen","710303","NA","N02AJ08"
"Codeine/Paracetamol","Codeine and Paracetamol","acetaminophen / codeine","817579","NA","N02AJ06"
"Colchicine","Colchicine","colchicine","2683","DB01394","M04AC01"
"Colecalciferol","Colecalciferol","cholecalciferol","2418","DB00169","A11CC05"
"Colesevelam","Colesevelam","colesevelam","141626","DB00930","C10AC04"
"Colestyramine","Colestyramine","cholestyramine resin","2447","DB01432","C10AC01"
"Colistimethate","Colistimethate","colistimethate","2708","DB01111","NA"
"Colistin","Colistin","colistin","2709","DB00803","A07AA10"
"Conjugated estrogens","Conjugated estrogens","estrogens, conjugated (USP)","4099","DB00286","G03CA57"
"Crizotinib","Crizotinib","crizotinib","1148495","DB08865","L01ED01"
"Cyanocobalamin","Cyanocobalamin","vitamin B12","11248","DB00115","B03BA01"
"Cyclizine","Cyclizine","cyclizine","2977","DB01176","R06AE03"
"Cyclophosphamide","Cyclophosphamide","cyclophosphamide","3002","DB00531","L01AA01"
"Cycloserine","Cycloserine","cycloserine","3007","DB00260","J04AB01"
"Cyproterone","Cyproterone","cyproterone","3014","NA","G03HA01"
"Cytarabine","Cytarabine","cytarabine","3041","DB00987","L01BC01"
"Dabigatran","Dabigatran","dabigatran","1546356","DB14726","NA"
"Dacarbazine","Dacarbazine","dacarbazine","3098","DB00851","L01AX04"
"Daclatasvir","Daclatasvir","daclatasvir","1606218","DB09102","J05AP07"
"Dactinomycin","Dactinomycin","dactinomycin","3100","DB00970","L01DA01"
"Dalteparin","Dalteparin","dalteparin","67109","DB06779","B01AB04"
"Dapagliflozin","Dapagliflozin","dapagliflozin","1488564","DB06292","A10BK01"
"Dapsone","Dapsone","dapsone","3108","DB00250","D10AX05"
"Daptomycin","Daptomycin","daptomycin","22299","DB00080","J01XX09"
"Darbepoetin alfa","Darbepoetin alfa","darbepoetin alfa","283838","DB00012","B03XA02"
"Darifenacin","Darifenacin","darifenacin","136198","DB00496","G04BD10"
"Darunavir","Darunavir","darunavir","460132","DB01264","J05AE10"
"Dasabuvir","Dasabuvir","dasabuvir","1597381","DB09183","J05AP09"
"Dasatinib","Dasatinib","dasatinib","475342","DB01254","L01EA02"
"Daunorubicin","Daunorubicin","daunorubicin","3109","DB00694","L01DB02"
"Deferoxamine","Deferoxamine","deferoxamine","3131","DB00746","V03AC01"
"Delafloxacin","Delafloxacin","delafloxacin","1927663","DB11943","J01MA23"
"Denosumab","Denosumab","denosumab","993449","DB06643","M05BX04"
"Desipramine","Desipramine","desipramine","3247","DB01151","N06AA01"
"Desloratadine","Desloratadine","desloratadine","275635","DB00967","R06AX27"
"Desmopressin","Desmopressin","desmopressin","3251","DB00035","H01BA02"
"Dexamethasone","Dexamethasone","dexamethasone","3264","DB01234","A01AC02"
"Dexlansoprazole","Dexlansoprazole","dexlansoprazole","816346","DB05351","A02BC06"
"Dextran 40","Dextran 40","dextran 40","3272","NA","NA"
"Dextran70/Hypromellose","Hypromellose","hypromellose","27334","DB11075","S01KA02"
"Diazepam","Diazepam","diazepam","3322","DB00829","N05BA01"
"Diazoxide","Diazoxide","diazoxide","3327","DB01119","C02DA01"
"Diclofenac","Diclofenac","diclofenac","3355","DB00586","D11AX18"
"Diclofenac/Misoprostol","Diclofenac/Misoprostol","diclofenac / misoprostol","214502","NA","NA"
"Didanosine","Didanosine","didanosine","3364","DB00900","J05AF02"
"Diethylcarbamazine","Diethylcarbamazine","diethylcarbamazine","3384","DB00711","P02CB02"
"Digitoxin","Digitoxin","digitoxin","3403","DB01396","C01AA04"
"Digoxin","Digoxin","digoxin","3407","DB00390","C01AA05"
"Dihydrocodeine","Dihydrocodeine","dihydrocodeine","23088","DB01551","N02AA08"
"Dihydroergocryptine mesylate","Dihydroergocryptine mesylate","dihydroergocryptine mesylate","42646","NA","N04BC03"
"Diloxanide","Diloxanide","diloxanide","67182","NA","P01AC01"
"Dimercaprol","Dimercaprol","dimercaprol","3445","DB06782","V03AB09"
"Diphenoxylate/Atropine sulphate","Atropine sulphate","atropine sulfate","153971","NA","NA"
"Diphenoxylate/Atropine sulphate","Diphenoxylate","diphenoxylate","3500","DB01081","A07DA01"
"Diphtheria antitoxin","Diphtheria antitoxin","diphtheria antitoxin","3510","NA","J06AA01"
"Diphtheria vaccine","Diphtheria vaccine","diphtheria toxoid vaccine, inactivated","798304","DB09877","J07AF"
"Dipyridamole","Dipyridamole","dipyridamole","3521","DB00975","B01AC07"
"Dipyridamole/Aspirin","Aspirin/Dipyridamole","aspirin / dipyridamole","226716","NA","NA"
"Docetaxel","Docetaxel","docetaxel","72962","DB01248","L01CD02"
"Docusate sodium","Docusate sodium","docusate sodium","71722","NA","A06AA02"
"Dolutegravir","Dolutegravir","dolutegravir","1433868","DB08930","J05AJ03"
"Domperidone","Domperidone","domperidone","3626","DB01184","A03FA03"
"Donepezil","Donepezil","donepezil","135447","DB00843","N06DA02"
"Dopamine","Dopamine","dopamine","3628","DB00988","C01CA04"
"Dorzolamide/Timolol","Dorzolamide/Timolol","dorzolamide / timolol","662263","NA","NA"
"Dosulepin","Dosulepin","dothiepin","3634","DB09167","N06AA16"
"Doxazosin","Doxazosin","doxazosin","49276","DB00590","C02CA04"
"Doxepin","Doxepin","doxepin","3638","DB01142","D04AX01"
"Doxorubicin","Doxorubicin","doxorubicin","3639","DB00997","L01DB01"
"Doxycycline","Doxycycline","doxycycline","3640","DB00254","A01AB22"
"Dronabinol","Dronabinol","dronabinol","10402","DB00470","A04AD10"
"Dronedarone","Dronedarone","dronedarone","233698","DB04855","C01BD07"
"Dulaglutide","Dulaglutide","dulaglutide","1551291","DB09045","A10BJ05"
"Duloxetine","Duloxetine","duloxetine","72625","DB00476","N06AX21"
"Dutasteride","Dutasteride","dutasteride","228790","DB01126","G04CB02"
"Dutasteride/Tamsulosin","Dutasteride/Tamsulosin","dutasteride / tamsulosin","1001472","NA","G04CA52"
"Edoxaban","Edoxaban","edoxaban","1599538","DB09075","B01AF03"
"Efavirenz","Efavirenz","efavirenz","195085","DB00625","J05AG03"
"Eflornithine","Eflornithine","eflornithine","569","DB06243","D11AX16"
"Empagliflozin","Empagliflozin","empagliflozin","1545653","DB09038","A10BK03"
"Emtricitabine","Emtricitabine","emtricitabine","276237","DB00879","J05AF09"
"Enalapril","Enalapril","enalapril","3827","DB00584","C09AA02"
"Enalapril/Hydrochlorothiazide","Enalapril/Hydrochlorothiazide","enalapril / hydrochlorothiazide","214536","NA","NA"
"Enoxaparin","Enoxaparin","enoxaparin","67108","DB01225","B01AB05"
"Entecavir","Entecavir","entecavir","306266","DB00442","J05AF10"
"Enzalutamide","Enzalutamide","enzalutamide","1307298","DB08899","L02BB04"
"Ephedrine","Ephedrine","ephedrine","3966","DB01364","C01CA26"
"Epinephrine","Epinephrine","epinephrine","3992","DB00668","A01AD01"
"Eplerenone","Eplerenone","eplerenone","298869","DB00700","C03DA04"
"Epoetin alfa","Epoetin alfa","epoetin alfa","105694","DB00016","NA"
"Epoetin beta","Epoetin beta","epoetin beta","105695","DB00016","NA"
"Eprosartan","Eprosartan","eprosartan","83515","DB00876","C09CA02"
"Eprosartan/Hydrochlorothiazide","Eprosartan/Hydrochlorothiazide","eprosartan / hydrochlorothiazide","352375","NA","NA"
"Eravacycline","Eravacycline","eravacycline","2055906","DB12329","J01AA13"
"Ergocalciferol","Ergocalciferol","ergocalciferol","4018","DB00153","A11CC01"
"Ergometrine","Ergometrine","ergonovine","4021","DB01253","G02AB03"
"Erlotinib","Erlotinib","erlotinib","337525","DB00530","L01EB02"
"Erythromycin","Erythromycin","erythromycin","4053","DB00199","D10AF02"
"Escitalopram","Escitalopram","escitalopram","321988","DB01175","N06AB10"
"Esomeprazole","Esomeprazole","esomeprazole","283742","DB00736","A02BC05"
"Estradiol","Estradiol","estradiol","4083","DB00783","G03CA03"
"Estriol","Estriol","estriol","4094","DB04573","G03CA04"
"Estrogen/Medroxyprogesterone","Medroxyprogesterone","medroxyprogesterone","6691","NA","G03AC06"
"Estrogen/Medroxyprogesterone","Estrogen","estrogens","4100","NA","NA"
"Etanercept","Etanercept","etanercept","214555","DB00005","L04AB01"
"Ethambutol","Ethambutol","ethambutol","4110","DB00330","J04AK02"
"Ethanol","Ethanol","ethanol","448","DB00898","D08AX08"
"Ether","Ether","ethyl ether","1363043","NA","N01AA01"
"Ethionamide","Ethionamide","ethionamide","4127","DB00609","J04AD03"
"Ethosuximide","Ethosuximide","ethosuximide","4135","DB00593","N03AD01"
"Etofenamate","Etofenamate","etofenamate","24608","NA","M02AA06"
"Etoposide","Etoposide","etoposide","4179","DB00773","L01CB01"
"Etoricoxib","Etoricoxib","etoricoxib","307296","DB01628","M01AH05"
"Exenatide","Exenatide","exenatide","60548","DB01276","A10BJ01"
"Ezetimibe","Ezetimibe","ezetimibe","341248","DB00973","C10AX09"
"Ezetimibe/Simvastatin","Ezetimibe/Simvastatin","ezetimibe / simvastatin","484211","NA","C10BA02"
"Famciclovir","Famciclovir","famciclovir","68099","DB00426","J05AB09"
"Febuxostat","Febuxostat","febuxostat","73689","DB04854","M04AA03"
"Felodipine","Felodipine","felodipine","4316","DB01023","C08CA02"
"Felodipine/Ramipril","Felodipine / Ramipril","felodipine / ramipril","389179","NA","C09BB05"
"Fenofibrate","Fenofibrate","fenofibrate","8703","DB01039","C10AB05"
"Fentanyl","Fentanyl","fentanyl","4337","DB00813","N01AH01"
"Ferrous fumarate","Ferrous fumarate","ferrous fumarate","24941","DB14491","B03AA02"
"Ferrous sulphate/Vitamin c","Ferrous sulphate","ferrous sulfate","24947","DB13257","B03AA07"
"Fesoterodine","Fesoterodine","fesoterodine","797195","DB06702","G04BD11"
"Fexofenadine","Fexofenadine","fexofenadine","87636","DB00950","R06AX26"
"Filgrastim","Filgrastim","filgrastim","68442","DB00099","L03AA02"
"Finasteride","Finasteride","finasteride","25025","DB01216","D11AX10"
"Fingolimod","Fingolimod","fingolimod","1012892","DB08868","L04AA27"
"Flecainide","Flecainide","flecainide","4441","DB01195","C01BC04"
"Flucloxacillin","Flucloxacillin","floxacillin","4448","DB00301","J01CF05"
"Fluconazole","Fluconazole","fluconazole","4450","DB00196","D01AC15"
"Flucytosine","Flucytosine","flucytosine","4451","DB01099","D01AE21"
"Fludarabine","Fludarabine","fludarabine","24698","DB01073","L01BB05"
"Fludrocortisone","Fludrocortisone","fludrocortisone","4452","DB00687","H02AA02"
"Fluorescein","Fluorescein","fluorescein","25138","DB00693","S01JA01"
"Fluorouracil","Fluorouracil","fluorouracil","4492","DB00544","L01BC02"
"Fluoxetine","Fluoxetine","fluoxetine","4493","DB00472","N06AB03"
"Fluphenazine","Fluphenazine","fluphenazine","4496","DB00623","N05AB02"
"Flurazepam","Flurazepam","flurazepam","4501","DB00690","N05CD01"
"Flurbiprofen","Flurbiprofen","flurbiprofen","4502","DB00712","M01AE09"
"Fluticasone","Fluticasone","fluticasone","41126","DB13867","D07AC17"
"Fluticasone/Vilanterol","Fluticasone/Vilanterol","fluticasone / vilanterol","1424888","NA","NA"
"Fluvastatin","Fluvastatin","fluvastatin","41127","DB01095","C10AA04"
"Fluvoxamine","Fluvoxamine","fluvoxamine","42355","DB00176","N06AB08"
"Folic acid","Folic acid","folic acid","4511","DB00158","B03BB01"
"Fomepizole","Fomepizole","fomepizole","15226","DB01213","V03AB34"
"Fosfomycin","Fosfomycin","fosfomycin","4550","DB00828","J01XX01"
"Fosphenytoin","Fosphenytoin","fosphenytoin","72236","DB01320","N03AB05"
"Furosemide","Furosemide","furosemide","4603","DB00695","C03CA01"
"Furosemide/Amiloride","Amiloride / Furosemide","amiloride / furosemide","818351","NA","NA"
"Gabapentin","Gabapentin","gabapentin","25480","DB00996","N03AX12"
"Galantamine","Galantamine","galantamine","4637","DB00674","N06DA04"
"Gallamine","Gallamine","gallamine","4638","NA","M03AC02"
"Gatifloxacin","Gatifloxacin","gatifloxacin","228476","DB01044","J01MA16"
"Gefitinib","Gefitinib","gefitinib","328134","DB00317","L01EB01"
"Gemcitabine","Gemcitabine","gemcitabine","12574","DB00441","L01BC05"
"Gemfibrozil","Gemfibrozil","gemfibrozil","4719","DB01241","C10AB04"
"Gentamycin","Gentamycin","gentamicin","1596450","DB00798","D06AX07"
"Glatiramer acetate","Glatiramer acetate","glatiramer acetate","84375","NA","L03AX13"
"Glibenclamide","Glibenclamide","glyburide","4815","DB01016","A10BB01"
"Gliclazide","Gliclazide","gliclazide","4816","DB01120","A10BB09"
"Glucagon","Glucagon","glucagon (rDNA)","261716","DB00040","NA"
"Glucosamine","Glucosamine","glucosamine","4845","DB01296","M01AX05"
"Glucose","Glucose","glucose","4850","DB01914","B05CX01"
"Glutaral","Glutaral","glutaral","4888","NA","NA"
"Glyceryl trinitrate","Glyceryl trinitrate","nitroglycerin","4917","DB00727","C01DA02"
"Glycopyrronium","Glycopyrronium","glycopyrronium","1546438","DB00986","D11AA01"
"Golimumab","Golimumab","golimumab","819300","DB06674","L04AB06"
"Griseofulvin","Griseofulvin","griseofulvin","5021","DB00400","D01AA08"
"Haloperidol","Haloperidol","haloperidol","5093","DB00502","N05AD01"
"Halothane","Halothane","halothane","5095","DB01159","N01AB01"
"Heparin sodium","Heparin sodium","heparin sodium, porcine","314659","NA","NA"
"Hepatitis b vaccine","Hepatitis b vaccine","hepatitis B surface antigen vaccine","797752","DB11627","NA"
"Homatropine","Homatropine","homatropine","27084","DB11181","S01FA05"
"Hydralazine","Hydralazine","hydralazine","5470","DB01275","C02DB02"
"Hydrochlorothiazide","Hydrochlorothiazide","hydrochlorothiazide","5487","DB00999","C03AA03"
"Hydrocodone","Hydrocodone","hydrocodone","5489","DB00956","R05DA03"
"Hydrocortisone","Hydrocortisone","hydrocortisone","5492","DB00741","A01AC03"
"Hydromorphone","Hydromorphone","hydromorphone","3423","DB00327","N02AA03"
"Hydroxocobalamin","Hydroxocobalamin","hydroxocobalamin","5514","DB00200","B03BA03"
"Hydroxychloroquine","Hydroxychloroquine","hydroxychloroquine","5521","DB01611","P01BA02"
"Hydroxyurea","Hydroxyurea","hydroxyurea","5552","DB01005","L01XX05"
"Hyoscine butylbromide","Hyoscine butylbromide","butylscopolamine bromide","1851","NA","NA"
"Hyoscine hydrobromide","Hyoscine hydrobromide","scopolamine hydrobromide","9603","DB00747","NA"
"Ibandronic acid","Ibandronic acid","ibandronic acid","115265","DB00710","M05BA06"
"Ibuprofen","Ibuprofen","ibuprofen","5640","DB01050","C01EB16"
"Idoxuridine","Idoxuridine","idoxuridine","5653","DB00249","D06BB01"
"Ifosfamide","Ifosfamide","ifosfamide","5657","DB01181","L01AA06"
"Imatinib","Imatinib","imatinib","282388","DB00619","L01EA01"
"Imipramine","Imipramine","imipramine","5691","DB00458","N06AA02"
"Indacaterol","Indacaterol","indacaterol","1114326","DB05039","R03AC18"
"Indacaterol/Glycopyrronium","Glycopyrronium / Indacaterol","glycopyrronium / indacaterol","1721575","NA","NA"
"Indinavir","Indinavir","indinavir","114289","DB00224","J05AE02"
"Indometacin","Indometacin","indomethacin","5781","DB00328","C01EB03"
"Infliximab","Infliximab","infliximab","191831","DB00065","L04AB02"
"Insulin aspart","Insulin aspart","insulin aspart, human","51428","DB01306","A10AB05"
"Insulin degludec","Insulin degludec","insulin degludec","1670007","DB09564","A10AE06"
"Insulin detemir","Insulin detemir","insulin detemir","139825","DB01307","A10AE05"
"Insulin glargine","Insulin glargine","insulin glargine","274783","DB00047","A10AE04"
"Insulin glulisine","Insulin glulisine","insulin glulisine, human","400008","DB01309","A10AB06"
"Insulin human","Insulin human","insulin, regular, human","253182","DB00030","A10AB01"
"Iodine","Iodine","iodine","5933","DB05382","D08AG03"
"Iohexol","Iohexol","iohexol","5956","DB01362","V08AB02"
"Ipecacuanha","Ipecacuanha","ipecac","5975","DB13293","R05CA04"
"Ipratropium bromide","Ipratropium bromide","ipratropium bromide","203212","DB00332","R01AX03"
"Ipratropium/Salbutamol","Salbutamol","albuterol","435","DB01001","R03AC02"
"Ipratropium/Salbutamol","Ipratropium","ipratropium","7213","DB00332","NA"
"Irbesartan/Hydrochlorothiazide","Hydrochlorothiazide/Irbesartan","hydrochlorothiazide / irbesartan","214617","NA","NA"
"Irinotecan","Irinotecan","irinotecan","51499","DB00762","L01CE02"
"Isoflurane","Isoflurane","isoflurane","6026","DB00753","N01AB06"
"Isoniazid","Isoniazid","isoniazid","6038","DB00951","J04AC01"
"Isoprenaline","Isoprenaline","isoproterenol","6054","DB01064","C01CA02"
"Isosorbide dinitrate","Isosorbide dinitrate","isosorbide dinitrate","6058","DB00883","C01DA08"
"Isosorbide mononitrate","Isosorbide mononitrate","isosorbide mononitrate","28004","DB01020","C01DA14"
"Itraconazole","Itraconazole","itraconazole","28031","DB01167","J02AC02"
"Ivermectin","Ivermectin","ivermectin","6069","DB00602","D11AX22"
"Kanamycin","Kanamycin","kanamycin","6099","DB01172","A07AA08"
"Ketamine","Ketamine","ketamine","6130","DB01221","N01AX03"
"Labetalol","Labetalol","labetalol","6185","DB00598","C07AG01"
"Lactulose","Lactulose","lactulose","6218","DB00581","A06AD11"
"Lamivudine","Lamivudine","lamivudine","68244","DB00709","J05AF05"
"Lamotrigine","Lamotrigine","lamotrigine","28439","DB00555","N03AX09"
"Lansoprazole","Lansoprazole","lansoprazole","17128","DB00448","A02BC03"
"Latanoprost","Latanoprost","latanoprost","43611","DB00654","S01EE01"
"Lenalidomide","Lenalidomide","lenalidomide","342369","DB00480","L04AX04"
"Lercanidipine","Lercanidipine","lercanidipine","135056","DB00528","C08CA13"
"Letrozole","Letrozole","letrozole","72965","DB01006","L02BG04"
"Leuprorelin","Leuprorelin","leuprolide","42375","DB00007","L02AE02"
"Levamisole","Levamisole","levamisole","6371","DB00848","P02CE01"
"Levetiracetam","Levetiracetam","levetiracetam","114477","DB01202","N03AX14"
"Levobunolol","Levobunolol","levobunolol","1813","DB01210","S01ED03"
"Levocetirizine","Levocetirizine","levocetirizine","356887","DB06282","R06AE09"
"Levodopa","Levodopa","levodopa","6375","DB01235","N04BA01"
"Levodopa/Carbidopa","Carbidopa/Levodopa","carbidopa / levodopa","103990","NA","NA"
"Levofloxacin","Levofloxacin","levofloxacin","82122","DB01137","J01MA12"
"Levonorgestrel","Levonorgestrel","levonorgestrel","6373","DB00367","G03AC03"
"Levonorgestrel/Ethinylestradiol","Levonorgestrel and Ethinylestradiol","ethinyl estradiol / levonorgestrel","214558","NA","G03AA07"
"Levothyroxine","Levothyroxine","levothyroxine","10582","DB00451","NA"
"Lidocaine","Lidocaine","lidocaine","6387","DB00281","C01BB01"
"Linagliptin","Linagliptin","linagliptin","1100699","DB08882","A10BH05"
"Lindane","Lindane","lindane","1388","DB00431","P03AB02"
"Linezolid","Linezolid","linezolid","190376","DB00601","J01XX08"
"Liraglutide","Liraglutide","liraglutide","475968","DB06655","A10BJ02"
"Lisinopril","Lisinopril","lisinopril","29046","DB00722","C09AA03"
"Lisinopril/Hydrochlorothiazide","Hydrochlorothiazide/Lisinopril","hydrochlorothiazide / lisinopril","214618","NA","NA"
"Lithium","Lithium","lithium","6448","NA","N05AN01"
"Lithium carbonate","Lithium carbonate","lithium carbonate","42351","DB14509","NA"
"Loperamide","Loperamide","loperamide","6468","DB00836","A07DA03"
"Loratadine","Loratadine","loratadine","28889","DB00455","R06AX13"
"Lorazepam","Lorazepam","lorazepam","6470","DB00186","N05BA06"
"Lormetazepam","Lormetazepam","lormetazepam","28894","DB13872","N05CD06"
"Lornoxicam","Lornoxicam","lornoxicam","20890","DB06725","M01AC05"
"Losartan","Losartan","losartan","52175","DB00678","C09CA01"
"Losartan/Hydrochlorothiazide","Hydrochlorothiazide/Losartan","hydrochlorothiazide / losartan","214619","NA","NA"
"Lovastatin","Lovastatin","lovastatin","6472","DB00227","C10AA02"
"Lymecycline","Lymecycline","lymecycline","6513","DB00256","J01AA04"
"Magnesium sulfate","Magnesium sulfate","magnesium sulfate","6585","DB00653","A06AD04"
"Mannitol","Mannitol","mannitol","6628","DB00742","A06AD16"
"Mebendazole","Mebendazole","mebendazole","6672","DB00643","P02CA01"
"Mebeverine","Mebeverine","mebeverine","29410","DB12554","A03AA04"
"Mebeverine/Ispaghula husk","Ispaghula husk","ispaghula husk","104129","DB11097","NA"
"Medroxyprogesterone","Medroxyprogesterone","medroxyprogesterone","6691","NA","G03AC06"
"Medroxyprogesterone acetate","Medroxyprogesterone acetate","medroxyprogesterone acetate","1000112","DB00603","NA"
"Mefenamic acid","Mefenamic acid","mefenamic acid","6693","DB00784","M01AG01"
"Mefloquine","Mefloquine","mefloquine","6694","DB00358","P01BC02"
"Meglumine antimoniate","Meglumine antimoniate","meglumine antimoniate","319866","DB13732","P01CB01"
"Meloxicam","Meloxicam","meloxicam","41493","DB00814","M01AC06"
"Melphalan","Melphalan","melphalan","6718","DB01042","L01AA03"
"Memantine","Memantine","memantine","6719","DB01043","N06DX01"
"Mercaptopurine","Mercaptopurine","mercaptopurine","103","DB01033","L01BB02"
"Meropenem","Meropenem","meropenem","29561","DB00760","J01DH02"
"Mesalazine","Mesalazine","mesalamine","52582","DB00244","A07EC02"
"Mesna","Mesna","mesna","44","NA","R05CB05"
"Metformin","Metformin","metformin","6809","DB00331","A10BA02"
"Methadone","Methadone","methadone","6813","DB00333","N07BC02"
"Methimazole","Methimazole","methimazole","6835","DB00763","H03BB02"
"Methionine","Methionine","methionine","6837","DB00134","V03AB26"
"Methotrexate","Methotrexate","methotrexate","6851","DB00563","L01BA01"
"Methoxy polyethylene glycol-epoetin beta","Methoxy polyethylene glycol-epoetin beta","methoxy polyethylene glycol-epoetin beta","729596","DB09107","B03XA03"
"Methyldopa","Methyldopa","methyldopa","6876","DB00968","C02AB01"
"Methylphenidate","Methylphenidate","methylphenidate","6901","DB00422","N06BA04"
"Methylprednisolone","Methylprednisolone","methylprednisolone","6902","DB00959","D07AA01"
"Methylthioninium chloride","Methylthioninium chloride","methylene blue","6878","DB09241","V03AB17"
"Metoclopramide","Metoclopramide","metoclopramide","6915","DB01233","A03FA01"
"Metoprolol","Metoprolol","metoprolol","6918","DB00264","C07AB02"
"Metronidazole","Metronidazole","metronidazole","6922","DB00916","A01AB17"
"Miconazole","Miconazole","miconazole","6932","DB01110","A01AB09"
"Midazolam","Midazolam","midazolam","6960","DB00683","N05CD08"
"Miltefosine","Miltefosine","miltefosine","1494066","DB09031","P01CX04"
"Minocycline","Minocycline","minocycline","6980","DB01017","A01AB23"
"Mirabegron","Mirabegron","mirabegron","1300786","DB08893","G04BD12"
"Mirtazapine","Mirtazapine","mirtazapine","15996","DB00370","N06AX11"
"Misoprostol","Misoprostol","misoprostol","42331","DB00929","A02BB01"
"Modafinil","Modafinil","modafinil","30125","DB00745","N06BA07"
"Mometasone","Mometasone","mometasone","108118","NA","D07AC13"
"Montelukast","Montelukast","montelukast","88249","DB00471","R03DC03"
"Morphine","Morphine","morphine","7052","DB00295","N02AA01"
"Moxifloxacin","Moxifloxacin","moxifloxacin","139462","DB00218","J01MA14"
"Mupirocin","Mupirocin","mupirocin","42372","DB00410","D06AX09"
"Mycophenolate mofetil","Mycophenolate mofetil","mycophenolate mofetil","68149","DB00688","NA"
"Nadroparin","Nadroparin","nadroparin","67031","DB08813","B01AB06"
"Naftidrofuryl oxalate","Naftidrofuryl oxalate","nafronyloxalate","7237","NA","NA"
"Nalidixic acid","Nalidixic acid","nalidixic acid","7240","DB00779","J01MB02"
"Naloxone","Naloxone","naloxone","7242","DB01183","A06AH04"
"Naproxen","Naproxen","naproxen","7258","DB00788","G02CC02"
"Naproxen/Esomeprazole","Naproxen and Esomeprazole","esomeprazole / naproxen","994202","NA","M01AE52"
"Naratriptan","Naratriptan","naratriptan","141366","DB00952","N02CC02"
"Natamycin","Natamycin","natamycin","7268","DB00826","A01AB10"
"Nebivolol","Nebivolol","nebivolol","31555","DB04861","C07AB12"
"Nefopam","Nefopam","nefopam","7285","DB12293","N02BG06"
"Nelfinavir","Nelfinavir","nelfinavir","134527","DB00220","J05AE04"
"Neostigmine","Neostigmine","neostigmine","7315","DB01400","N07AA01"
"Nevirapine","Nevirapine","nevirapine","53654","DB00238","J05AG01"
"Niclosamide","Niclosamide","niclosamide","7402","DB06803","P02DA01"
"Nicorandil","Nicorandil","nicorandil","31748","DB09220","C01DX16"
"Nicotinamide","Nicotinamide","niacinamide","7405","DB02701","A11HA01"
"Nicotine","Nicotine","nicotine","7407","DB00184","N07BA01"
"Nicotinic acid","Nicotinic acid","niacin","7393","DB00627","C04AC01"
"Nifedipine","Nifedipine","nifedipine","7417","DB01115","C08CA05"
"Nifurtimox","Nifurtimox","nifurtimox","7421","DB11820","P01CC01"
"Nilotinib","Nilotinib","nilotinib","662281","DB04868","L01EA03"
"Nitrofurantoin","Nitrofurantoin","nitrofurantoin","7454","DB00698","J01XE01"
"Nitrous oxide","Nitrous oxide","nitrous oxide","7486","DB06690","N01AX13"
"Nivolumab","Nivolumab","nivolumab","1597876","DB09035","L01XC17"
"Norethisterone","Norethisterone","norethindrone","7514","DB00717","G03AC01"
"Norethisterone enantate","Norethisterone enantate","norethindrone enanthate","31984","NA","NA"
"Nortriptyline","Nortriptyline","nortriptyline","7531","DB00540","N06AA10"
"Nystatin","Nystatin","nystatin","7597","DB00646","A07AA02"
"Ocrelizumab","Ocrelizumab","ocrelizumab","1876366","DB11988","L04AA36"
"Ofloxacin","Ofloxacin","ofloxacin","7623","DB01165","J01MA01"
"Olanzapine","Olanzapine","olanzapine","61381","DB00334","N05AH03"
"Olmesartan","Olmesartan","olmesartan","321064","DB00275","NA"
"Olmesartan/Amlodipine","Amlodipine/Olmesartan","amlodipine / olmesartan","1009015","NA","NA"
"Olmesartan/Hydrochlorothiazide","Hydrochlorothiazide/Olmesartan","hydrochlorothiazide / olmesartan","817496","NA","NA"
"Olopatadine","Olopatadine","olopatadine","135391","DB00768","R01AC08"
"Olsalazine","Olsalazine","olsalazine","32385","DB01250","A07EC03"
"Omadacycline","Omadacycline","omadacycline","2059269","DB12455","J01AA15"
"Omega-3","Omega-3","omega-3 fatty acids","4301","DB11133","NA"
"Omeprazole","Omeprazole","omeprazole","7646","DB00338","A02BC01"
"Ondansetron","Ondansetron","ondansetron","26225","DB00904","A04AA01"
"Orlistat","Orlistat","orlistat","37925","DB01083","A08AB01"
"Oseltamivir","Oseltamivir","oseltamivir","260101","DB00198","J05AH02"
"Oxaliplatin","Oxaliplatin","oxaliplatin","32592","DB00526","L01XA03"
"Oxamniquine","Oxamniquine","oxamniquine","7778","DB01096","P02BA02"
"Oxcarbazepine","Oxcarbazepine","oxcarbazepine","32624","DB00776","N03AF02"
"Oxpentifylline","Oxpentifylline","pentoxifylline","8013","DB00806","C04AD03"
"Oxybutynin","Oxybutynin","oxybutynin","32675","DB01062","G04BD04"
"Oxycodone","Oxycodone","oxycodone","7804","DB00497","N02AA05"
"Oxycodone/Naloxone","Oxycodone and Naloxone","naloxone / oxycodone","1545902","NA","N02AA55"
"Oxygen","Oxygen","oxygen","7806","DB09140","V03AN01"
"Oxytocin","Oxytocin","oxytocin","7824","DB00107","H01BB02"
"P-aminosalicylic acid","P-aminosalicylic acid","aminosalicylic acid","7833","DB00233","J04AA01"
"Paclitaxel","Paclitaxel","paclitaxel","56946","DB01229","L01CD01"
"Pancreatin","Pancreatin","pancreatin","7880","DB00085","NA"
"Pantoprazole","Pantoprazole","pantoprazole","40790","DB00213","A02BC02"
"Paracetamol","Paracetamol","acetaminophen","161","DB00316","N02BE01"
"Paromomycin","Paromomycin","paromomycin","7934","DB01421","A07AA06"
"Paroxetine","Paroxetine","paroxetine","32937","DB00715","N06AB05"
"Pegaspargase","Pegaspargase","pegaspargase","34132","DB00059","L01XX24"
"Pembrolizumab","Pembrolizumab","pembrolizumab","1547545","DB09037","L01XC18"
"Penicillamine","Penicillamine","penicillamine","7975","DB00859","M01CC01"
"Pentamidine","Pentamidine","pentamidine","7994","DB00738","NA"
"Peppermint oil","Peppermint oil","peppermint oil","33094","DB11198","A03AX15"
"Perindopril","Perindopril","perindopril","54552","DB00790","C09AA04"
"Perindopril/Amlodipine","Perindopril and Amlodipine","amlodipine / perindopril","1033889","NA","C09BB04"
"Perindopril/Indapamide","Indapamide / Perindopril","indapamide / perindopril","388499","NA","NA"
"Permethrin","Permethrin","permethrin","33199","DB04930","P03AC04"
"Pertuzumab","Pertuzumab","pertuzumab","1298944","DB06366","L01XC13"
"Phenobarbital","Phenobarbital","phenobarbital","8134","DB01174","N03AA02"
"Phenoxymethylpenicillin","Phenoxymethylpenicillin","penicillin V","7984","DB00417","J01CE02"
"Phenprocoumon","Phenprocoumon","phenprocoumon","8150","DB00946","B01AA04"
"Phenytoin","Phenytoin","phenytoin","8183","DB00252","N03AB02"
"Phosphate","Phosphate","phosphate ion","486961","NA","NA"
"Phytomenadione","Phytomenadione","vitamin K1","8308","DB01022","B02BA01"
"Pilocarpine","Pilocarpine","pilocarpine","8328","DB01085","N07AX01"
"Pimozide","Pimozide","pimozide","8331","DB01100","N05AG02"
"Pioglitazone","Pioglitazone","pioglitazone","33738","DB01132","A10BG03"
"Pioglitazone/Metformin","Metformin/Pioglitazone","metformin / pioglitazone","607999","NA","A10BD05"
"Piroxicam","Piroxicam","piroxicam","8356","DB00554","M01AC01"
"Pitolisant","Pitolisant","pitolisant","2197878","DB11642","N07XX11"
"Plazomicin","Plazomicin","plazomicin","2049549","DB12615","J01GB14"
"Podophyllotoxin","Podophyllotoxin","podofilox","8463","DB01179","D06BB04"
"Podophyllum resin","Podophyllum resin","podophyllin","8462","DB09094","NA"
"Polygeline","Polygeline","polygeline","8521","NA","NA"
"Polymyxin b","Polymyxin b","polymyxin B","8536","DB00781","A07AA05"
"Polyvinyl alcohol","Polyvinyl alcohol","polyvinyl alcohol","8570","DB11060","NA"
"Potassium chloride","Potassium chloride","potassium chloride","8591","DB00761","A12BA01"
"Potassium iodide","Potassium iodide","potassium iodide","8597","DB06715","R05CA02"
"Potassium permanganate","Potassium permanganate","potassium permanganate","8604","DB13831","D08AX06"
"Povidone iodine","Povidone iodine","povidone-iodine","8611","DB06812","D08AG02"
"Pralidoxime","Pralidoxime","pralidoxime","34345","DB00733","V03AB04"
"Pramipexole","Pramipexole","pramipexole","746741","DB00413","N04BC05"
"Prasugrel","Prasugrel","prasugrel","613391","DB06209","B01AC22"
"Pravastatin","Pravastatin","pravastatin","42463","DB00175","C10AA03"
"Prazepam","Prazepam","prazepam","8627","DB01588","N05BA11"
"Praziquantel","Praziquantel","praziquantel","8628","DB01058","P02BA01"
"Prednisolone","Prednisolone","prednisolone","8638","DB00860","A07EA01"
"Pregabalin","Pregabalin","pregabalin","187832","DB00230","N03AX16"
"Primaquine","Primaquine","primaquine","8687","DB01087","P01BA03"
"Probenecid","Probenecid","probenecid","8698","DB01032","M04AB01"
"Procainamide","Procainamide","procainamide","8700","DB01035","C01BA02"
"Procaine benzylpenicillin","Procaine benzylpenicillin","penicillin G procaine","7983","DB09320","J01CE09"
"Procarbazine","Procarbazine","procarbazine","8702","DB01168","L01XB01"
"Prochlorperazine","Prochlorperazine","prochlorperazine","8704","DB00433","N05AB04"
"Proguanil","Proguanil","proguanil","2382","DB01131","P01BB01"
"Promethazine","Promethazine","promethazine","8745","DB01069","D04AA10"
"Propafenone","Propafenone","propafenone","8754","DB01182","C01BC03"
"Propiverine","Propiverine","propiverine","55175","DB12278","G04BD06"
"Propofol","Propofol","propofol","8782","DB00818","N01AX10"
"Propranolol","Propranolol","propranolol","8787","DB00571","C07AA05"
"Propylthiouracil","Propylthiouracil","propylthiouracil","8794","DB00550","H03BA02"
"Prostaglandin e1","Prostaglandin e1","alprostadil","598","DB00770","C01EA01"
"Prostaglandin e2","Prostaglandin e2","dinoprostone","3478","DB00917","G02AD02"
"Protamine sulfate","Protamine sulfate","protamine sulfate (USP)","8825","DB09141","NA"
"Pyrantel","Pyrantel","pyrantel","8984","DB11156","P02CC01"
"Pyrazinamide","Pyrazinamide","pyrazinamide","8987","DB00339","J04AK01"
"Pyridostigmine","Pyridostigmine","pyridostigmine","9000","DB00545","N07AA02"
"Pyridoxine","Pyridoxine","pyridoxine","684879","DB00165","A11HA02"
"Pyrimethamine","Pyrimethamine","pyrimethamine","9010","DB00205","P01BD01"
"Quetiapine","Quetiapine","quetiapine","51272","DB01224","N05AH04"
"Quinapril","Quinapril","quinapril","35208","DB00881","C09AA06"
"Quinapril/Hydrochlorothiazide","Hydrochlorothiazide/Quinapril","hydrochlorothiazide / quinapril","261417","NA","NA"
"Quinidine","Quinidine","quinidine","9068","DB00908","C01BA01"
"Quinine","Quinine","quinine","9071","DB00468","P01BC01"
"Quinine sulphate","Quinine sulphate","quinine sulfate","9075","NA","NA"
"Rabeprazole","Rabeprazole","rabeprazole","114979","DB01129","A02BC04"
"Rabies immune globulin","Rabies immune globulin","rabies immune globulin, human","89886","DB11603","J06BB05"
"Raloxifene","Raloxifene","raloxifene","72143","DB00481","G03XC01"
"Raltegravir","Raltegravir","raltegravir","719872","DB06817","J05AJ01"
"Ramipril","Ramipril","ramipril","35296","DB00178","C09AA05"
"Ranibizumab","Ranibizumab","ranibizumab","595060","DB01270","S01LA04"
"Ranitidine","Ranitidine","ranitidine","9143","DB00863","A02BA02"
"Ranolazine","Ranolazine","ranolazine","35829","DB00243","C01EB18"
"Rasagiline","Rasagiline","rasagiline","134748","DB01367","N04BD02"
"Retinol","Retinol","vitamin A","11246","NA","A11CA01"
"Ribavirin","Ribavirin","ribavirin","9344","DB00811","J05AP01"
"Riboflavin","Riboflavin","riboflavin","9346","DB00140","A11HA04"
"Rifabutin","Rifabutin","rifabutin","55672","DB00615","J04AB04"
"Rifampicin","Rifampicin","rifampin","9384","DB01045","J04AB02"
"Rifapentine","Rifapentine","rifapentine","35617","DB01201","J04AB05"
"Rifaximin","Rifaximin","rifaximin","35619","DB01220","A07AA11"
"Risedronic acid","Risedronic acid","risedronic acid","55685","DB00884","M05BA07"
"Risperidone","Risperidone","risperidone","35636","DB00734","N05AX08"
"Ritonavir","Ritonavir","ritonavir","85762","DB00503","J05AE03"
"Rituximab","Rituximab","rituximab","121191","DB00073","L01XC02"
"Rivaroxaban","Rivaroxaban","rivaroxaban","1114195","DB06228","B01AF01"
"Ropinirole","Ropinirole","ropinirole","72302","DB00268","N04BC04"
"Rosiglitazone","Rosiglitazone","rosiglitazone","84108","DB00412","A10BG02"
"Rosuvastatin","Rosuvastatin","rosuvastatin","301542","DB01098","C10AA07"
"Salbutamol","Salbutamol","albuterol","435","DB01001","R03AC02"
"Salicylic acid","Salicylic acid","salicylic acid","9525","DB00936","D01AE12"
"Salmeterol/Fluticasone","Salmeterol and Fluticasone","fluticasone / salmeterol","284635","NA","R03AK06"
"Saquinavir","Saquinavir","saquinavir","83395","DB01232","J05AE01"
"Saxagliptin","Saxagliptin","saxagliptin","857974","DB06335","A10BH03"
"Selenium sulfide","Selenium sulfide","selenium sulfide","36345","DB00971","D01AE13"
"Sennoside","Sennoside","sennosides, USP","36387","NA","A06AB06"
"Sertraline","Sertraline","sertraline","36437","DB01104","N06AB06"
"Sildenafil","Sildenafil","sildenafil","136411","DB00203","G04BE03"
"Silodosin","Silodosin","silodosin","720825","DB06207","G04CA04"
"Silver nitrate","Silver nitrate","silver nitrate","9789","DB11080","D08AL01"
"Silver sulfadiazine","Silver sulfadiazine","silver sulfadiazine","9793","DB05245","D06BA01"
"Simeprevir","Simeprevir","simeprevir","1482790","DB06290","J05AP05"
"Simvastatin","Simvastatin","simvastatin","36567","DB00641","C10AA01"
"Siponimod","Siponimod","siponimod","2121085","DB12371","L04AA42"
"Sitagliptin","Sitagliptin","sitagliptin","593411","DB01261","A10BH01"
"Sitagliptin/Metformin","Metformin/Sitagliptin","metformin / sitagliptin","729717","NA","A10BD07"
"Smallpox vaccine","Smallpox vaccine","vaccinia virus strain New York City Board of Health live antigen","1492300","DB14711","NA"
"Sodium alginate","Sodium alginate","sodium alginate","56446","NA","NA"
"Sodium alginate/Potassium bicarbonate","Potassium bicarbonate","potassium bicarbonate","34296","DB11098","NA"
"Sodium calcium edetate","Sodium calcium edetate","edetate calcium disodium","1903","NA","NA"
"Sodium chloride","Sodium chloride","sodium chloride","9863","DB09153","A12CA01"
"Sodium cromoglycate","Sodium cromoglycate","cromolyn sodium","3538","NA","NA"
"Sodium fluoride","Sodium fluoride","sodium fluoride","9873","DB09325","A01AA01"
"Sodium hyaluronate","Sodium hyaluronate","sodium hyaluronate","42892","NA","NA"
"Sodium lactate","Sodium lactate","sodium lactate","56489","NA","NA"
"Sodium nitrite","Sodium nitrite","sodium nitrite","9894","NA","V03AB08"
"Sodium nitroprusside","Sodium nitroprusside","sodium nitroprusside","9895","NA","NA"
"Sodium stibogluconate","Sodium stibogluconate","sodium stibogluconate","8010","DB05630","P01CB02"
"Sodium thiosulfate","Sodium thiosulfate","sodium thiosulfate","36726","NA","NA"
"Sodium valproate","Sodium valproate","sodium valproate","9919","NA","NA"
"Sofosbuvir","Sofosbuvir","sofosbuvir","1484911","DB08934","J05AP08"
"Solifenacin","Solifenacin","solifenacin","322167","DB01591","G04BD08"
"Somatropin","Somatropin","somatropin","61148","DB00052","H01AC01"
"Sotalol","Sotalol","sotalol","9947","DB00489","C07AA07"
"Spectinomycin","Spectinomycin","spectinomycin","270","DB00919","J01XX04"
"Spironolactone","Spironolactone","spironolactone","9997","DB00421","C03DA01"
"Stavudine","Stavudine","stavudine","59763","DB00649","J05AF04"
"Streptokinase","Streptokinase","streptokinase","10106","DB00086","B01AD01"
"Streptomycin","Streptomycin","streptomycin","10109","DB01082","A07AA04"
"Succimer","Succimer","succimer","3446","DB00566","NA"
"Sulfacetamide","Sulfacetamide","sulfacetamide","10169","DB00634","D10AF06"
"Sulfadiazine","Sulfadiazine","sulfadiazine","10171","DB00359","J01EC02"
"Sulfamethoxazole and trimethoprim","Sulfamethoxazole and trimethoprim","sulfamethoxazole / trimethoprim","10831","NA","J01EE01"
"Sulfasalazine","Sulfasalazine","sulfasalazine","9524","DB00795","A07EC01"
"Sumatriptan","Sumatriptan","sumatriptan","37418","DB00669","N02CC01"
"Suxamethonium","Suxamethonium","succinylcholine","10154","DB00202","M03AB01"
"Tacrolimus","Tacrolimus","tacrolimus","42316","DB00864","D11AH01"
"Tadalafil","Tadalafil","tadalafil","358263","DB00820","G04BE08"
"Tafluprost","Tafluprost","tafluprost","1244607","DB08819","S01EE05"
"Tamoxifen","Tamoxifen","tamoxifen","10324","DB00675","L02BA01"
"Tamsulosin/Solifenacin","Tamsulosin","tamsulosin","77492","DB00706","G04CA02"
"Tapentadol","Tapentadol","tapentadol","787390","DB06204","N02AX06"
"Telmisartan","Telmisartan","telmisartan","73494","DB00966","C09CA07"
"Telmisartan/Hydrochlorothiazide","Telmisartan-Hydrochlorothiazide","hydrochlorothiazide / telmisartan","284636","NA","NA"
"Tenofovir alafenamide","Tenofovir alafenamide","tenofovir alafenamide","1721603","DB09299","J05AF13"
"Tenofovir disoproxil fumarate","Tenofovir disoproxil fumarate","tenofovir disoproxil fumarate","322248","NA","NA"
"Tenoxicam","Tenoxicam","tenoxicam","37790","DB00469","M01AC02"
"Terbinafine","Terbinafine","terbinafine","37801","DB00857","D01AE15"
"Terbutaline","Terbutaline","terbutaline","10368","DB00871","R03AC03"
"Testosterone","Testosterone","testosterone","10379","DB00624","G03BA03"
"Tetanus immune globulin","Tetanus immune globulin","tetanus immune globulin","1727875","DB11604","J06BB02"
"Tetrabenazine","Tetrabenazine","tetrabenazine","10390","DB04844","N07XX06"
"Tetracaine","Tetracaine","tetracaine","10391","DB09085","C05AD02"
"Tetracycline","Tetracycline","tetracycline","10395","DB00759","A01AB13"
"Thalidomide","Thalidomide","thalidomide","10432","DB01041","L04AX02"
"Theophylline","Theophylline","theophylline","10438","DB00277","R03DA04"
"Thiamine","Thiamine","thiamine","10454","DB00152","A11DA01"
"Tibolone","Tibolone","tibolone","38260","DB09070","G03CX01"
"Tigecycline","Tigecycline","tigecycline","384455","DB00560","J01AA12"
"Timolol","Timolol","timolol","10600","DB00373","C07AA06"
"Tinzaparin","Tinzaparin","tinzaparin","69646","DB06822","B01AB10"
"Tioguanine","Tioguanine","thioguanine","10485","DB00352","L01BB03"
"Tiotropium","Tiotropium","tiotropium","69120","DB01409","NA"
"Tiotropium bromide","Tiotropium bromide","tiotropium bromide","393575","NA","R03BB04"
"Tizanidine","Tizanidine","tizanidine","57258","DB00697","M03BX02"
"Tobramycin","Tobramycin","tobramycin","10627","DB00684","J01GB01"
"Tolbutamide","Tolbutamide","tolbutamide","10635","DB01124","A10BB03"
"Tolterodine","Tolterodine","tolterodine","119565","DB01036","G04BD07"
"Tramadol","Tramadol","tramadol","10689","DB00193","N02AX02"
"Tramadol/Paracetamol","Tramadol and Paracetamol","acetaminophen / tramadol","352362","NA","N02AJ13"
"Trandolapril","Trandolapril","trandolapril","38454","DB00519","C09AA10"
"Tranexamic acid","Tranexamic acid","tranexamic acid","10691","DB00302","B02AA02"
"Tranylcypromine","Tranylcypromine","tranylcypromine","10734","DB00752","N06AF04"
"Trastuzumab","Trastuzumab","trastuzumab","224905","DB00072","L01XC03"
"Trastuzumab emtansine","Trastuzumab emtansine","ado-trastuzumab emtansine","1371041","DB05773","L01XC14"
"Travoprost","Travoprost","travoprost","283809","DB00287","S01EE04"
"Trazodone","Trazodone","trazodone","10737","DB00656","N06AX05"
"Tretinoin","Tretinoin","tretinoin","10753","DB00755","D10AD01"
"Triamcinolone","Triamcinolone","triamcinolone","10759","DB00620","A01AC01"
"Triazolam","Triazolam","triazolam","10767","DB00897","N05CD05"
"Triclabendazole","Triclabendazole","triclabendazole","2118525","DB12245","P02BX04"
"Trifluoperazine","Trifluoperazine","trifluoperazine","10800","DB00831","N05AB06"
"Trihexyphenidyl","Trihexyphenidyl","trihexyphenidyl","10811","DB00376","N04AA01"
"Trimetazidine","Trimetazidine","trimetazidine","10826","DB09069","C01EB15"
"Trimethoprim","Trimethoprim","trimethoprim","10829","DB00440","J01EA01"
"Trimipramine","Trimipramine","trimipramine","10834","DB00726","N06AA06"
"Triptorelin","Triptorelin","triptorelin","38782","DB06825","L02AE04"
"Tropicamide","Tropicamide","tropicamide","10869","DB00809","S01FA06"
"Trospium","Trospium","trospium","236778","DB00209","G04BD09"
"Trospium chloride","Trospium chloride","trospium chloride","38891","NA","NA"
"Tuberculin","Tuberculin","tuberculin","10908","NA","V04CF01"
"Tubocurarine","Tubocurarine","tubocurarine","10917","DB01199","M03AA02"
"Ulipristal","Ulipristal","ulipristal","1005921","DB08867","G03AD02"
"Umeclidinium","Umeclidinium","umeclidinium","1487514","DB09076","NA"
"Umeclidinium/Vilanterol","Umeclidinium/Vilanterol","umeclidinium / vilanterol","1487518","NA","NA"
"Urea","Urea","urea","11002","DB03904","B05BC02"
"Ursodeoxycholic acid","Ursodeoxycholic acid","ursodiol","11065","DB01586","A05AA02"
"Valaciclovir","Valaciclovir","valacyclovir","73645","DB00577","J05AB11"
"Valganciclovir","Valganciclovir","valganciclovir","275891","DB01610","J05AB14"
"Valproic acid","Valproic acid","valproic acid","11118","DB00313","N03AG01"
"Valsartan","Valsartan","valsartan","69749","DB00177","C09CA03"
"Valsartan/Hydrochlorothiazide","Hydrochlorothiazide/Valsartan","hydrochlorothiazide / valsartan","214626","NA","NA"
"Vancomycin","Vancomycin","vancomycin","11124","DB00512","A07AA09"
"Vardenafil","Vardenafil","vardenafil","306674","DB00862","G04BE09"
"Varenicline","Varenicline","varenicline","591622","DB01273","N07BA03"
"Varicella vaccine","Varicella vaccine","varicella-zoster virus vaccine live (Oka-Merck) strain","1292422","DB10318","J07BK01"
"Vecuronium","Vecuronium","vecuronium","71535","DB01339","M03AC03"
"Venlafaxine","Venlafaxine","venlafaxine","39786","DB00285","N06AX16"
"Verapamil","Verapamil","verapamil","11170","DB00661","C08DA01"
"Vibrio cholerae","Vibrio cholerae","Vibrio cholerae","1432992","NA","NA"
"Vildagliptin/Metformin","Vildagliptin","vildagliptin","596554","DB04876","A10BH02"
"Vinblastine","Vinblastine","vinblastine","11198","DB00570","L01CA01"
"Vincristine","Vincristine","vincristine","11202","DB00541","L01CA02"
"Vinorelbine","Vinorelbine","vinorelbine","39541","DB00361","L01CA04"
"Voriconazole","Voriconazole","voriconazole","121243","DB00582","J02AC03"
"Vortioxetine","Vortioxetine","vortioxetine","1455099","DB09068","N06AX26"
"Warfarin","Warfarin","warfarin","11289","DB00682","B01AA03"
"Xylometazoline","Xylometazoline","xylometazoline","39841","DB06694","R01AA07"
"Yellow fever vaccine","Yellow fever vaccine","yellow fever virus strain 17D-204 live antigen","804187","DB10805","NA"
"Zidovudine","Zidovudine","zidovudine","11413","DB00495","J05AF01"
"Zinc sulfate","Zinc sulfate","zinc sulfate","39954","DB09322","A12CB01"
"Zofenopril","Zofenopril","zofenopril","39990","DB13166","C09AA15"
"Zoledronic acid","Zoledronic acid","zoledronic acid","77655","DB00399","M05BA08"
"Zolmitriptan","Zolmitriptan","zolmitriptan","135775","DB00315","N02CC03"
"Zolpidem","Zolpidem","zolpidem","39993","DB00425","N05CF02"
"Zopiclone","Zopiclone","zopiclone","40001","DB01198","N05CF01"
"Zuclopenthixol","Zuclopenthixol","zuclopenthixol","114176","DB01624","N05AF05"
"Zuclopenthixol","Zuclopenthixol","zuclopenthixol","114176","DB01624","N05AF05"
